Model,Accuracy,Precision,Recall,F1 Score,AUC
DistilBERT,0.9913232104121475,0.9939393939393939,0.9899396378269618,0.9919354838709677,
TinyBERT,0.9327548806941431,0.9206963249516441,0.9577464788732394,0.9388560157790927,
Hard OR Voting,0.9522776572668112,0.9233644859813084,0.993963782696177,0.9573643410852714,
Hard AND Voting,0.9718004338394793,0.9937106918238994,0.9537223340040242,0.973305954825462,
Benign Tie-Break,0.9718004338394793,0.9937106918238994,0.9537223340040242,0.973305954825462,
Soft Voting,0.9913232104121475,0.9939393939393939,0.9899396378269618,0.9919354838709677,0.9957296721505503
Stacking Ensemble,0.9913232104121475,0.9939393939393939,0.9899396378269618,0.9919354838709677,0.9960942123328205
